Handle,Title,Body (HTML),Vendor,Type,Tags,Published,Option1 Name,Option1 Value,Option2 Name,Option2 Value,Variant SKU,Variant Inventory Tracker,Variant Inventory Qty,Variant Inventory Policy,Variant Fulfillment Service,Variant Price,Variant Compare At Price,Variant Requires Shipping,Variant Taxable,Image Src,Image Position,Image Alt Text,Gift Card,SEO Title,SEO Description,Status
aurelia-gold-pendant,Aurelia Gold Pendant,"<p>A delicate gold pendant designed for everyday elegance. Demo product for development purposes.</p>",Karim Jewellers,Necklaces,"new-arrivals,gold",TRUE,Size,One Size,,,KJ-NEC-001,shopify,25,deny,manual,125.00,,TRUE,TRUE,,,,FALSE,Aurelia Gold Pendant | Karim Jewellers,Delicate gold pendant necklace. Demo product.,active
celeste-diamond-stud-earrings,Celeste Diamond Stud Earrings,"<p>Classic stud earrings with a refined diamond-set finish. Demo product for development purposes.</p>",Karim Jewellers,Earrings,"new-arrivals,gold,gifts",TRUE,Size,One Size,,,KJ-EAR-001,shopify,18,deny,manual,395.00,,TRUE,TRUE,,,,FALSE,Celeste Diamond Stud Earrings | Karim Jewellers,Diamond stud earrings. Demo product.,active
amara-gold-bracelet,Amara Gold Bracelet,"<p>A fine gold chain bracelet, light enough for daily wear. Demo product for development purposes.</p>",Karim Jewellers,Bracelets,"gold,bestseller",TRUE,Size,Adjustable,,,KJ-BRA-001,shopify,30,deny,manual,175.00,,TRUE,TRUE,,,,FALSE,Amara Gold Bracelet | Karim Jewellers,Fine gold chain bracelet. Demo product.,active
isabella-pearl-drop-earrings,Isabella Pearl Drop Earrings,"<p>Elegant pearl drop earrings suited to both day and evening wear. Demo product for development purposes.</p>",Karim Jewellers,Earrings,"silver,gifts",TRUE,Size,One Size,,,KJ-EAR-002,shopify,20,deny,manual,85.00,,TRUE,TRUE,,,,FALSE,Isabella Pearl Drop Earrings | Karim Jewellers,Pearl drop earrings. Demo product.,active
sophia-diamond-band-ring,Sophia Diamond Band Ring,"<p>A refined diamond-set band ring, equally suited to everyday wear or as a wedding band. Demo product for development purposes.</p>",Karim Jewellers,Rings,"wedding,gold,bestseller",TRUE,Ring Size,K,,,KJ-RIN-001,shopify,12,deny,manual,650.00,750.00,TRUE,TRUE,,,,FALSE,Sophia Diamond Band Ring | Karim Jewellers,Diamond band ring. Demo product.,active
sophia-diamond-band-ring,,,,,,,,,Ring Size,L,KJ-RIN-001-L,shopify,10,deny,manual,650.00,750.00,TRUE,TRUE,,,,,,,active
sophia-diamond-band-ring,,,,,,,,,Ring Size,M,KJ-RIN-001-M,shopify,10,deny,manual,650.00,750.00,TRUE,TRUE,,,,,,,active
elena-gold-necklace,Elena Gold Necklace,"<p>A timeless layering necklace in warm gold tone. Demo product for development purposes.</p>",Karim Jewellers,Necklaces,"gold,new-arrivals",TRUE,Length,45cm,,,KJ-NEC-002,shopify,22,deny,manual,145.00,,TRUE,TRUE,,,,FALSE,Elena Gold Necklace | Karim Jewellers,Gold layering necklace. Demo product.,active
victoria-tennis-bracelet,Victoria Tennis Bracelet,"<p>A classic tennis bracelet with a continuous line of set stones. Demo product for development purposes.</p>",Karim Jewellers,Bracelets,"silver,bestseller,gifts",TRUE,Size,Adjustable,,,KJ-BRA-002,shopify,15,deny,manual,395.00,450.00,TRUE,TRUE,,,,FALSE,Victoria Tennis Bracelet | Karim Jewellers,Tennis bracelet. Demo product.,active
arabella-solitaire-ring,Arabella Solitaire Ring,"<p>A single-stone solitaire ring, a modern classic for engagements or special occasions. Demo product for development purposes.</p>",Karim Jewellers,Rings,"wedding,gold",TRUE,Ring Size,J,,,KJ-RIN-002,shopify,8,deny,manual,950.00,,TRUE,TRUE,,,,FALSE,Arabella Solitaire Ring | Karim Jewellers,Solitaire engagement ring. Demo product.,active
arabella-solitaire-ring,,,,,,,,,Ring Size,K,KJ-RIN-002-K,shopify,8,deny,manual,950.00,,TRUE,TRUE,,,,,,,active
arabella-solitaire-ring,,,,,,,,,Ring Size,L,KJ-RIN-002-L,shopify,6,deny,manual,950.00,,TRUE,TRUE,,,,,,,active
freya-silver-hoop-earrings,Freya Silver Hoop Earrings,"<p>Lightweight silver hoops for everyday wear. Demo product for development purposes.</p>",Karim Jewellers,Earrings,"silver,new-arrivals",TRUE,Size,Small,,,KJ-EAR-003,shopify,28,deny,manual,65.00,,TRUE,TRUE,,,,FALSE,Freya Silver Hoop Earrings | Karim Jewellers,Silver hoop earrings. Demo product.,active
freya-silver-hoop-earrings,,,,,,,,,Size,Large,KJ-EAR-003-L,shopify,20,deny,manual,75.00,,TRUE,TRUE,,,,,,,active
matilda-pearl-necklace,Matilda Pearl Necklace,"<p>A classic single-strand pearl necklace. Demo product for development purposes.</p>",Karim Jewellers,Necklaces,"silver,gifts",TRUE,Length,42cm,,,KJ-NEC-003,shopify,16,deny,manual,250.00,,TRUE,TRUE,,,,FALSE,Matilda Pearl Necklace | Karim Jewellers,Pearl necklace. Demo product.,active
grace-eternity-ring,Grace Eternity Ring,"<p>A full eternity band, a meaningful choice for a wedding or anniversary. Demo product for development purposes.</p>",Karim Jewellers,Rings,"wedding,silver,bestseller",TRUE,Ring Size,K,,,KJ-RIN-003,shopify,10,deny,manual,595.00,,TRUE,TRUE,,,,FALSE,Grace Eternity Ring | Karim Jewellers,Eternity ring. Demo product.,active
grace-eternity-ring,,,,,,,,,Ring Size,L,KJ-RIN-003-L,shopify,10,deny,manual,595.00,,TRUE,TRUE,,,,,,,active
willow-gold-huggie-earrings,Willow Gold Huggie Earrings,"<p>Compact gold huggie hoops for everyday layering. Demo product for development purposes.</p>",Karim Jewellers,Earrings,"gold,new-arrivals",TRUE,Size,One Size,,,KJ-EAR-004,shopify,26,deny,manual,65.00,,TRUE,TRUE,,,,FALSE,Willow Gold Huggie Earrings | Karim Jewellers,Gold huggie earrings. Demo product.,active
poppy-charm-bracelet,Poppy Charm Bracelet,"<p>A delicate charm bracelet, a thoughtful gift for any occasion. Demo product for development purposes.</p>",Karim Jewellers,Bracelets,"gold,gifts,new-arrivals",TRUE,Size,Adjustable,,,KJ-BRA-003,shopify,24,deny,manual,95.00,,TRUE,TRUE,,,,FALSE,Poppy Charm Bracelet | Karim Jewellers,Charm bracelet. Demo product.,active
imogen-sapphire-ring,Imogen Sapphire Ring,"<p>A sapphire and diamond halo ring, a striking alternative to a classic solitaire. Demo product for development purposes.</p>",Karim Jewellers,Rings,"wedding,gold",TRUE,Ring Size,K,,,KJ-RIN-004,shopify,7,deny,manual,875.00,,TRUE,TRUE,,,,FALSE,Imogen Sapphire Ring | Karim Jewellers,Sapphire halo ring. Demo product.,active
imogen-sapphire-ring,,,,,,,,,Ring Size,L,KJ-RIN-004-L,shopify,7,deny,manual,875.00,,TRUE,TRUE,,,,,,,active
rosalind-gold-signet-ring,Rosalind Gold Signet Ring,"<p>A modern take on the classic signet ring. Demo product for development purposes.</p>",Karim Jewellers,Rings,"gold,bestseller",TRUE,Ring Size,K,,,KJ-RIN-005,shopify,14,deny,manual,225.00,,TRUE,TRUE,,,,FALSE,Rosalind Gold Signet Ring | Karim Jewellers,Gold signet ring. Demo product.,active
rosalind-gold-signet-ring,,,,,,,,,Ring Size,L,KJ-RIN-005-L,shopify,14,deny,manual,225.00,,TRUE,TRUE,,,,,,,active
delphine-drop-necklace,Delphine Drop Necklace,"<p>A refined drop pendant on a fine chain. Demo product for development purposes.</p>",Karim Jewellers,Necklaces,"silver,new-arrivals,gifts",TRUE,Length,45cm,,,KJ-NEC-004,shopify,19,deny,manual,110.00,,TRUE,TRUE,,,,FALSE,Delphine Drop Necklace | Karim Jewellers,Drop pendant necklace. Demo product.,active
harriet-stacking-rings-set,Harriet Stacking Rings Set,"<p>A set of three fine stacking rings, designed to be worn together or separately. Demo product for development purposes.</p>",Karim Jewellers,Rings,"gold,gifts,bestseller",TRUE,Ring Size,K,,,KJ-RIN-006,shopify,17,deny,manual,145.00,,TRUE,TRUE,,,,FALSE,Harriet Stacking Rings Set | Karim Jewellers,Stacking rings set. Demo product.,active
harriet-stacking-rings-set,,,,,,,,,Ring Size,L,KJ-RIN-006-L,shopify,17,deny,manual,145.00,,TRUE,TRUE,,,,,,,active
